<configuration>

	<appender name="STDOUT" class="ch.qos.logback.core.ConsoleAppender">
		<encoder>
			<pattern>web - %date [%thread] %-5level %logger{36} - %message%n
			</pattern>
		</encoder>
	</appender>

	<logger name="org.springframework" level="WARN" />
	<logger name="org.springframework.transaction" level="WARN" />

	<!-- in order to debug some marshalling issues, this needs to be TRACE -->
	<logger name="org.springframework.web.servlet.mvc" level="WARN" />

	<root level="INFO">
		<appender-ref ref="STDOUT" />
	</root>

</configuration>